trait	#chrom	pos	alt	ref	beta	se	pval	study_doi
COPD	4	144585304	T	C	0.19062035960865		9.1E-41	10.1038/ng.3752
COPD	15	78575140	C	A	0.122217632724249		1.77E-28	10.1038/ng.3752
COPD	5	148476770	G	A	0.165514438477573		5.33E-26	10.1038/ng.3752
COPD	6	142347764	T	C	0.157003748809665		1.81E-19	10.1038/ng.3752
COPD	15	71320175	G	T	0.113328685307003		8.22E-16	10.1038/ng.3752
COPD	4	88951941	G	A	0.067658648473815		7.48E-15	10.1038/ng.3752
COPD	4	105710713	A	G	0.22314355131421		3.84E-14	10.1038/ng.3752
COPD	14	92649065	C	G	0.104360015324243		4.96E-14	10.1038/ng.3752
COPD	5	157502069	AT	A	0.122217632724249		1.58E-13	10.1038/ng.3752
COPD	4	105215876	A	G	0.131028262406404		2.46E-13	10.1038/ng.3752
COPD	3	128242335	A	T	0.157003748809665		4.16E-13	10.1038/ng.3752
COPD	16	75439257	A	G	0.113328685307003		1.12E-11	10.1038/ng.3752
COPD	1	218451191	T	C	0.095310179804325		1.66E-10	10.1038/ng.3752
COPD	6	32183666	C	T	0.19062035960865		5.94E-10	10.1038/ng.3752
COPD	6	108945052	C	T	0.113328685307003		8.34E-10	10.1038/ng.3752
COPD	2	228705203	C	G	0.122217632724249		1.68E-09	10.1038/ng.3752
COPD	6	7562999	T	G	0.058268908123976		3.97E-09	10.1038/ng.3752
COPD	18	8808466	C	T	0.086177696241053		6.14E-09	10.1038/ng.3752
COPD	3	25479091	C	A	0.048790164169432		2.47E-08	10.1038/ng.3752
COPD	10	79946568	G	A	0.067658648473815		2.49E-08	10.1038/ng.3752
COPD	19	40833991	C	T	0.076961041136128		3.42E-08	10.1038/ng.3752
