trait	#chrom	pos	alt	ref	beta	se	pval	study_doi	notes
L12_ATOPIC	2	8354967	A	G	-0.07257069283		3.40E-08	10.1038/ng.3424	
L12_ATOPIC	5	35883632	C	T	-0.07257069283		2.90E-08	10.1038/ng.3424	
L12_ATOPIC	11	65791795	G	A	0.1133286853		2.10E-19	10.1038/ng.3424	
L12_ATOPIC	2	70872975	G	A	-0.09431067947		1.40E-07	10.1038/ng.3424	
L12_ATOPIC	5	132655393	C	T	0.1310282624		4.00E-17	10.1038/ng.3424	
L12_ATOPIC	3	112672327	A	G	-0.02020270732		0.137	10.1038/ng.3424	
L12_ATOPIC	1	154447416	A	G	0.07696104114		6.10E-11	10.1038/ng.3424	
L12_ATOPIC	17	42376113	G	T	0.1222176327		4.10E-08	10.1038/ng.3424	
L12_ATOPIC	14	35089920	T	C	-0.09431067947		1.50E-06	10.1038/ng.3424	
L12_ATOPIC	16	11135732	T	C	0.1043600153		1.80E-10	10.1038/ng.3424	
L12_ATOPIC	11	76570549	C	T	-0.08338160894		2.50E-11	10.1038/ng.3424	
L12_ATOPIC	11	36350207	T	C	0.08617769624		4.60E-13	10.1038/ng.3424	
L12_ATOPIC	19	8679458	C	T	-0.07257069283		8.70E-07	10.1038/ng.3424	
L12_ATOPIC	10	62610240	C	G	-0.0618754		1.20E-06	10.1038/ng.3424	MK fixed alleles, beta and p-value
L12_ATOPIC	6	31498440	T	C	-0.09431068		1.50E-06	10.1038/ng.3424	MK fixed alleles, beta and p-value
L12_ATOPIC	11	7955614	G	T	0		0.744	10.1038/ng.3424	
L12_ATOPIC	2	60957516	A	G	0.08617769624		3.50E-08	10.1038/ng.3424	
L12_ATOPIC	6	32607747	T	G	-0.09431067947		5.40E-09	10.1038/ng.3424	
L12_ATOPIC	20	63671762	C	A	-0.1053605157		7.00E-13	10.1038/ng.3424	
L12_ATOPIC	1	152564174	G	C	0.476234179		5.60E-29	10.1038/ng.3424	
L12_ATOPIC	2	102410643	T	C	0.1043600153		1.50E-13	10.1038/ng.3424	
L12_ATOPIC	8	80373657	A	C	-0.07257069283		1.40E-09	10.1038/ng.3424	
L12_ATOPIC	10	5996890	G	C	0.07696104114		1.50E-09	10.1038/ng.3424	
L12_ATOPIC	11	128317488	C	T	-0.07257069283		3.90E-10	10.1038/ng.3424	
L12_ATOPIC	1	150293284	T	C	-0.07257069283		9.10E-10	10.1038/ng.3424	
L12_ATOPIC	4	122322439	ATC	A	-0.07696104114		4.20E-09	10.1038/ng.3424	MK fixed position, alleles and beta
L12_ATOPIC	3	53057148	T	C	0.06765864847		4.90E-08	10.1038/ng.3424	