trait	#chrom	pos	alt	ref	beta	se	pval	study_doi
Alzheimer’s disease	1	207518704	A	G	0.1655144385		5.70E-24	10.1038/ng.2802
Alzheimer’s disease	2	127135234	T	C	0.1988508587		6.90E-44	10.1038/ng.2802
Alzheimer’s disease	2	233159830	T	C	0.07696104114		3.20E-08	10.1038/ng.2802
Alzheimer’s disease	5	88927603	G	A	-0.07257069283		3.20E-08	10.1038/ng.2802
Alzheimer’s disease	6	32610753	C	A	0.1043600153		2.90E-12	10.1038/ng.2802
Alzheimer’s disease	6	47520026	G	A	0.0953101798		5.20E-11	10.1038/ng.2802
Alzheimer’s disease	7	37801932	G	A	-0.07257069283		4.80E-09	10.1038/ng.2802
Alzheimer’s disease	7	100406823	C	T	-0.09431067947		5.60E-10	10.1038/ng.2802
Alzheimer’s disease	7	143413669	A	G	-0.1053605157		1.10E-13	10.1038/ng.2802
Alzheimer’s disease	8	27337604	C	T	0.0953101798		7.40E-14	10.1038/ng.2802
Alzheimer’s disease	8	27610169	C	T	-0.1508228897		2.80E-25	10.1038/ng.2802
Alzheimer’s disease	11	47536319	C	T	0.07696104114		1.10E-08	10.1038/ng.2802
Alzheimer’s disease	11	60156035	G	A	-0.1053605157		6.10E-16	10.1038/ng.2802
Alzheimer’s disease	11	86156833	A	G	-0.1392620673		9.30E-26	10.1038/ng.2802
Alzheimer’s disease	11	121564878	C	T	-0.2613647641		9.70E-15	10.1038/ng.2802
Alzheimer’s disease	14	52933911	C	T	0.1310282624		7.90E-09	10.1038/ng.2802
Alzheimer’s disease	14	92460608	T	G	-0.09431067947		5.50E-09	10.1038/ng.2802
Alzheimer’s disease	19	1063444	A	G	0.1397619424		1.10E-15	10.1038/ng.2802
Alzheimer’s disease	20	56443204	C	T	-0.1278333715		2.50E-08	10.1038/ng.2802