trait	#chrom	pos	alt	ref	beta	se	pval	study_doi
Lung Cancer	11	118254910	T	C	0.095310179804325		2.8E-10	10.1038/ng.3892
Lung Cancer	13	32398489	T	A	0.470003629245736		6.1E-16	10.1038/ng.3892
Lung Cancer	10	103927874	C	A	0.182321556793955		6.3E-11	10.1038/ng.3892
Lung Cancer	6	31466334	G	A	0.262364264467491		3.8E-19	10.1038/ng.3892
Lung Cancer	8	27487202	A	G	-0.105360515657826		1.7E-08	10.1038/ng.3892
Lung Cancer	3	189639410	T	G	-0.105360515657826		7.5E-12	10.1038/ng.3892
Lung Cancer	22	28725099	G	A	-0.916290731874155		5.7E-13	10.1038/ng.3892
Lung Cancer	20	63695226	T	G	0.182321556793955		1.3E-09	10.1038/ng.3892
Lung Cancer	8	32552592	G	A	0.095310179804325		1.3E-10	10.1038/ng.3892
Lung Cancer	15	78565644	G	C	0.262364264467491		3.1E-103	10.1038/ng.3892
Lung Cancer	19	40847202	T	C	-0.105360515657826		5E-19	10.1038/ng.3892
Lung Cancer	15	47285254	A	G	0.095310179804325		2.8E-08	10.1038/ng.3892
Lung Cancer	6	166962978	C	G	0.095310179804325		1.3E-08	10.1038/ng.3892
Lung Cancer	1	77501822	A	T	0.095310179804325		3.3E-11	10.1038/ng.3892
Lung Cancer	5	1285859	A	C	0.262364264467491		3.8E-35	10.1038/ng.3892
Lung Cancer	15	49084427	G	T	-0.105360515657826		1.7E-16	10.1038/ng.3892
Lung Cancer	12	889653	C	G	-0.105360515657826		7.3E-13	10.1038/ng.3892
Lung Cancer	9	21830158	G	A	0.182321556793955		9.96E-10	10.1038/ng.3892
