trait	#chrom	pos	ref	alt	beta	se	pval	study_doi	rsid
C3_BREAST_EXALLC_Zhang2020	1	148762352	G	A	-0.020202707	0.056122449	0.742	10.1038/s41588-020-0609-2	chr1_145126177
C3_BREAST_EXALLC_Zhang2020	4	1985245	A	G	-0.010050336	0.020408163	0.636	10.1038/s41588-020-0609-2	rs495367
C3_BREAST_EXALLC_Zhang2020	5	68128293	C	CTG	0	0.017857143	0.98	10.1038/s41588-020-0609-2	rs138044103
C3_BREAST_EXALLC_Zhang2020	6	33272092	C	T	-0.198450939	0.025510204	2.2E-10	10.1038/s41588-020-0609-2	rs17215231
C3_BREAST_EXALLC_Zhang2020	6	33272092	C	T	-0.174353387	0.028061224	9.66E-07	10.1038/s41588-020-0609-2	rs17215231
C3_BREAST_EXALLC_Zhang2020	12	28987327	A	G	-0.051293294	0.030612245	0.111	10.1038/s41588-020-0609-2	chr12_29140260
C3_BREAST_EXALLC_Zhang2020	12	111162330	G	T	-0.030459207	0.017857143	0.0933	10.1038/s41588-020-0609-2	chr12_111600134
C3_BREAST_EXALLC_Zhang2020	12	114670331	T	C	0.009950331	0.020408163	0.579	10.1038/s41588-020-0609-2	chr12_115108136
C3_BREAST_EXALLC_Zhang2020	12	120997672	G	A	-0.072570693	0.017857143	0.000178	10.1038/s41588-020-0609-2	chr12_121435475
C3_BREAST_EXALLC_Zhang2020	12	120997672	G	A	-0.061875404	0.015306122	5.3E-05	10.1038/s41588-020-0609-2	rs2464195
C3_BREAST_EXALLC_Zhang2020	17	7668434	T	G	-0.400477567	0.058673469	4.8E-06	10.1038/s41588-020-0609-2	rs78378222
C3_BREAST_EXALLC_Zhang2020	18	10354652	C	A	-0.051293294	0.017857143	0.0071	10.1038/s41588-020-0609-2	rs206435
C3_BREAST_EXALLC_Zhang2020	20	11521970	A	AAC	0.048790164	0.020408163	0.0202	10.1038/s41588-020-0609-2	rs141526427
C3_BREAST_EXALLC_Zhang2020	20	40619625	G	A	0.039220713	0.020408163	0.0299	10.1038/s41588-020-0609-2	rs6065254
