trait	#chrom	pos	alt	ref	beta	se	pval	study_doi
Alzheimer’s disease	1	207518704	A	G	0.165514438477573		5.7E-24	10.1038/ng.2802
Alzheimer’s disease	2	127135234	T	C	0.198850858745165		6.9E-44	10.1038/ng.2802
Alzheimer’s disease	2	233159830	T	C	0.076961041136128		3.2E-08	10.1038/ng.2802
Alzheimer’s disease	5	88927603	G	A	-0.072570692834835		3.2E-08	10.1038/ng.2802
Alzheimer’s disease	6	32610753	C	A	0.104360015324243		2.9E-12	10.1038/ng.2802
Alzheimer’s disease	6	47520026	G	A	0.095310179804325		5.2E-11	10.1038/ng.2802
Alzheimer’s disease	7	37801932	G	A	-0.072570692834835		4.8E-09	10.1038/ng.2802
Alzheimer’s disease	7	100406823	C	T	-0.094310679471241		5.6E-10	10.1038/ng.2802
Alzheimer’s disease	7	143413669	A	G	-0.105360515657826		1.1E-13	10.1038/ng.2802
Alzheimer’s disease	8	27337604	C	T	0.095310179804325		7.4E-14	10.1038/ng.2802
Alzheimer’s disease	8	27610169	C	T	-0.150822889734584		2.8E-25	10.1038/ng.2802
Alzheimer’s disease	11	47536319	C	T	0.076961041136128		1.1E-08	10.1038/ng.2802
Alzheimer’s disease	11	60156035	G	A	-0.105360515657826		6.1E-16	10.1038/ng.2802
Alzheimer’s disease	11	86156833	A	G	-0.139262067333508		9.3E-26	10.1038/ng.2802
Alzheimer’s disease	11	121564878	C	T	-0.261364764134407		9.7E-15	10.1038/ng.2802
Alzheimer’s disease	14	52933911	C	T	0.131028262406404		7.9E-09	10.1038/ng.2802
Alzheimer’s disease	14	92460608	T	G	-0.094310679471241		5.5E-09	10.1038/ng.2802
Alzheimer’s disease	19	1063444	A	G	0.139761942375159		1.1E-15	10.1038/ng.2802
Alzheimer’s disease	19	44892962	T	C	0.9457		2.23e-308	
Alzheimer’s disease	20	56443204	C	T	-0.127833371509885		2.5E-08	10.1038/ng.2802
Alzheimer’s disease	6	41161514	C	T	0.7323679		2.70E-15	10.1038/s41588-019-0358-2
Alzheimer’s disease	10	11678309	G	A	0.07696104		2.30E-09	10.1038/s41588-019-0358-2
Alzheimer’s disease	17	63460787	A	G	0.2776317		7.50E-09	10.1038/s41588-019-0358-2