trait	#chrom	pos	alt	ref	beta	se	pval	study_doi
H7_AMD	1	196735502	A	C	-0.916290731874155		0	10.1038/ng.3448
H7_AMD	3	64729479	C	T	0.122217632724249		1.8E-14	10.1038/ng.3448
H7_AMD	3	99461824	C	T	0.398776119957368		1.4E-11	10.1038/ng.3448
H7_AMD	4	109737911	T	C	0.122217632724249		5.4E-17	10.1038/ng.3448
H7_AMD	5	39327786	T	G	0.494696241836107		1.3E-14	10.1038/ng.3448
H7_AMD	6	31962685	A	G	-0.562118918153541		1.2E-103	10.1038/ng.3448
H7_AMD	6	43858890	C	T	-0.127833371509885		1.1E-14	10.1038/ng.3448
H7_AMD	8	23225458	G	T	-0.105360515657826		4.5E-11	10.1038/ng.3448
H7_AMD	9	104899461	A	G	-0.139262067333508		3.8E-10	10.1038/ng.3448
H7_AMD	10	122456049	C	T	1.01160091167848		0	10.1038/ng.3448
H7_AMD	13	31247103	T	C	-0.116533816255952		3.3E-10	10.1038/ng.3448
H7_AMD	14	68302482	C	T	-0.094310679471241		1.6E-10	10.1038/ng.3448
H7_AMD	15	58388755	C	T	-0.127833371509885		4.3E-15	10.1038/ng.3448
H7_AMD	16	56963437	CA	C	-0.174353387144778		3.6E-19	10.1038/ng.3448
H7_AMD	19	6718376	G	C	0.314810739840034		3.8E-69	10.1038/ng.3448
H7_AMD	19	44908684	C	T	-0.328504066972036		2.4E-42	10.1038/ng.3448
H7_AMD	22	32709831	C	T	-0.261364764134407		1.1E-24	10.1038/ng.3448
H7_AMD	22	38080269	T	C	0.131028262406404		5.5E-11	10.1038/ng.3448
H7_AMD	2	NA	T	C	-0.105360515657826		2.9E-08	10.1038/ng.3448
H7_AMD	5	35494346	A	G	-0.287682072451781		2.1E-08	10.1038/ng.3448
H7_AMD	7	100393925	T	C	0.131028262406404		4.8E-09	10.1038/ng.3448
H7_AMD	7	105115879	T	C	0.095310179804325		1.4E-09	10.1038/ng.3448
H7_AMD	9	70823689	G	GC	0.086177696241053		3E-08	10.1038/ng.3448
H7_AMD	9	74002804	T	G	0.086177696241053		2.6E-09	10.1038/ng.3448
H7_AMD	9	99161090	C	A	-0.139262067333508		1.2E-08	10.1038/ng.3448
H7_AMD	10	24710664	A	G	0.104360015324243		4.4E-08	10.1038/ng.3448
H7_AMD	12	55721994	A	C	0.148420005118273		4.3E-09	10.1038/ng.3448
H7_AMD	12	111694806	A	G	0.378436435720245		1.1E-09	10.1038/ng.3448
H7_AMD	16	75200974	A	C	-0.186329578191493		5E-12	10.1038/ng.3448
H7_AMD	17	28322698	A	C	-0.094310679471241		1E-08	10.1038/ng.3448
H7_AMD	17	81559795	T	C	0.113328685307003		1.5E-11	10.1038/ng.3448
H7_AMD	19	1031439	T	C	-0.094310679471241		2.6E-08	10.1038/ng.3448
H7_AMD	20	45986353	T	TTTTC	-0.174353387144778		2.4E-10	10.1038/ng.3448
H7_AMD	20	58078669	TA	T	-0.27443684570176		3.1E-16	10.1038/ng.3448
