trait	#chrom	pos	alt	ref	beta	se	pval	study_doi
Primary Open-Angle Glaucoma	9	22049657	G	A	-0.261364764134407		2.8E-32	10.1038/s41467-018-04555-4
Primary Open-Angle Glaucoma	7	73907881	TG	T	-0.356674943938732		3.9E-09	10.1038/s41467-018-04555-4
Primary Open-Angle Glaucoma	9	104933567	G	A	0.157003748809665		1.2E-13	10.1038/s41467-018-04555-4
Primary Open-Angle Glaucoma	15	57209216	A	G	-0.150822889734584		8.5E-10	10.1038/s41467-018-04555-4
Primary Open-Angle Glaucoma	12	83552671	G	T	-0.139262067333508		6.1E-10	10.1038/s41467-018-04555-4
Primary Open-Angle Glaucoma	14	60628456	G	C	0.157003748809665		1.1E-12	10.1038/s41467-018-04555-4
Primary Open-Angle Glaucoma	2	152448216	A	C	-0.127833371509885		1E-08	10.1038/s41467-018-04555-4
Primary Open-Angle Glaucoma	4	7908045	T	C	-0.150822889734584		1.2E-11	10.1038/s41467-018-04555-4
Primary Open-Angle Glaucoma	6	36630432	G	A	-0.150822889734584		2.3E-09	10.1038/s41467-018-04555-4
Primary Open-Angle Glaucoma	1	165725660	T	C	0.300104592450338		1.6E-21	10.1038/s41467-018-04555-4
Primary Open-Angle Glaucoma	6	136153656	T	A	0.148420005118273		3E-11	10.1038/s41467-018-04555-4
Primary Open-Angle Glaucoma	17	10127866	A	G	0.198850858745165		1.5E-18	10.1038/s41467-018-04555-4
