trait	#chrom	pos	alt	ref	beta	se	pval	study_doi
L12_ATOPIC	2	8354967	A	G	-0.072570692834835		3.4E-08	10.1038/ng.3424
L12_ATOPIC	5	35883632	C	T	-0.072570692834835		2.9E-08	10.1038/ng.3424
L12_ATOPIC	11	65791795	G	A	0.113328685307003		2.1E-19	10.1038/ng.3424
L12_ATOPIC	2	70872975	G	A	-0.094310679471241		1.4E-07	10.1038/ng.3424
L12_ATOPIC	5	132655393	C	T	0.131028262406404		4E-17	10.1038/ng.3424
L12_ATOPIC	3	112672327	A	G	-0.02020270731752		0.137	10.1038/ng.3424
L12_ATOPIC	1	154447416	A	G	0.076961041136128		6.1E-11	10.1038/ng.3424
L12_ATOPIC	17	42376113	G	T	0.122217632724249		4.1E-08	10.1038/ng.3424
L12_ATOPIC	14	35089920	T	C	-0.094310679471241		1.5E-06	10.1038/ng.3424
L12_ATOPIC	16	11135732	T	C	0.104360015324243		1.8E-10	10.1038/ng.3424
L12_ATOPIC	11	76570549	C	T	-0.083381608939051		2.5E-11	10.1038/ng.3424
L12_ATOPIC	11	36350207	T	C	0.086177696241053		4.6E-13	10.1038/ng.3424
L12_ATOPIC	19	8679458	C	T	-0.072570692834835		8.7E-07	10.1038/ng.3424
L12_ATOPIC	10	62610240	C	G	-0.0618754		1.2E-06	10.1038/ng.3424
L12_ATOPIC	6	31498440	T	C	-0.09431068		1.5E-06	10.1038/ng.3424
L12_ATOPIC	11	7955614	G	T	0		0.744	10.1038/ng.3424
L12_ATOPIC	2	60957516	A	G	0.086177696241053		3.5E-08	10.1038/ng.3424
L12_ATOPIC	6	32607747	T	G	-0.094310679471241		5.4E-09	10.1038/ng.3424
L12_ATOPIC	20	63671762	C	A	-0.105360515657826		7E-13	10.1038/ng.3424
L12_ATOPIC	1	152564174	G	C	0.476234178996372		5.6E-29	10.1038/ng.3424
L12_ATOPIC	2	102410643	T	C	0.104360015324243		1.5E-13	10.1038/ng.3424
L12_ATOPIC	8	80373657	A	C	-0.072570692834835		1.4E-09	10.1038/ng.3424
L12_ATOPIC	10	5996890	G	C	0.076961041136128		1.5E-09	10.1038/ng.3424
L12_ATOPIC	11	128317488	C	T	-0.072570692834835		3.9E-10	10.1038/ng.3424
L12_ATOPIC	1	150293284	T	C	-0.072570692834835		9.1E-10	10.1038/ng.3424
L12_ATOPIC	4	122322439	ATC	A	-0.076961041136128		4.2E-09	10.1038/ng.3424
L12_ATOPIC	3	53057148	T	C	0.067658648473815		4.9E-08	10.1038/ng.3424