trait	#chrom	pos	ref	alt	beta	se	pval	study_doi
MELANOMA	1	150887995	C	T	0.139761942		9.00E-11	10.18632/oncotarget.15250
MELANOMA	2	38049406	G	A	0.09531018		7.00E-9	10.18632/oncotarget.15247
MELANOMA	2	201298088	G	A	0.131028262		9.00E-10	10.18632/oncotarget.15231
MELANOMA	5	33951588	G	C	-0.867500568		1.47E-23	10.18632/oncotarget.15234
MELANOMA	5	33953574	G	C	-0.867500568		1.47E-23	10.18632/oncotarget.15235
MELANOMA	6	21163688	T	C	0.09531018		3.50E-8	10.18632/oncotarget.15248
MELANOMA	7	16944656	C	T	0.09531018		7.10E-9	10.18632/oncotarget.15233
MELANOMA	9	21816529	A	G	-0.15082289		7.00E-9	10.18632/oncotarget.15249
MELANOMA	9	106298549	C	T	0.122217633		7.10E-11	10.18632/oncotarget.15230
MELANOMA	10	103909085	A	G	0.157003749		2.20E-9	10.18632/oncotarget.15241
MELANOMA	11	69552350	C	A	0.113328685		1.50E-12	10.18632/oncotarget.15246
MELANOMA	11	89277878	G	A	0.254642218		2.00E-14	10.18632/oncotarget.15232
MELANOMA	11	108304735	G	A	-0.127833372		3.00E-9	10.18632/oncotarget.15237
MELANOMA	15	28090674	A	G	-0.174353387		2.20E-11	10.18632/oncotarget.15243
MELANOMA	15	28090687	A	G	-0.174353387		2.20E-11	10.18632/oncotarget.15244
MELANOMA	16	54080912	G	A	0.148420005		3.60E-12	10.18632/oncotarget.15236
MELANOMA	16	89689495	G	A	0.512823626		3.00E-27	10.18632/oncotarget.15240
MELANOMA	16	90000528	C	A	0.277631737		6.00E-22	10.18632/oncotarget.15245
MELANOMA	20	34583968	G	A	0.559615788		9.90E-16	10.18632/oncotarget.15251
MELANOMA	20	34989186	G	C	0.438254931		1.60E-18	10.18632/oncotarget.15238
MELANOMA	21	41374154	T	C	-0.127833372		3.00E-9	10.18632/oncotarget.15242
MELANOMA	22	38148291	A	G	-0.186329578		2.00E-9	10.18632/oncotarget.15239
