trait	#chrom	pos	ref	alt	beta	se	pval	study_doi
MELANOMA	1	150887995	C	T	0.139761942		9E-11	10.18632/oncotarget.15230
MELANOMA	2	38049406	G	A	0.09531018		7E-09	10.18632/oncotarget.15230
MELANOMA	2	201298088	G	A	0.131028262		9E-10	10.18632/oncotarget.15230
MELANOMA	5	33951588	G	C	-0.867500568		1.47E-23	10.18632/oncotarget.15230
MELANOMA	5	33953574	G	C	-0.867500568		1.47E-23	10.18632/oncotarget.15230
MELANOMA	6	21163688	T	C	0.09531018		3.5E-08	10.18632/oncotarget.15230
MELANOMA	7	16944656	C	T	0.09531018		7.1E-09	10.18632/oncotarget.15230
MELANOMA	9	21816529	A	G	-0.15082289		7E-09	10.18632/oncotarget.15230
MELANOMA	9	106298549	C	T	0.122217633		7.1E-11	10.18632/oncotarget.15230
MELANOMA	10	103909085	A	G	0.157003749		2.2E-09	10.18632/oncotarget.15230
MELANOMA	11	69552350	C	A	0.113328685		1.5E-12	10.18632/oncotarget.15230
MELANOMA	11	89277878	G	A	0.254642218		2E-14	10.18632/oncotarget.15230
MELANOMA	11	108304735	G	A	-0.127833372		3E-09	10.18632/oncotarget.15230
MELANOMA	15	28090674	A	G	-0.174353387		2.2E-11	10.18632/oncotarget.15230
MELANOMA	15	28090687	A	G	-0.174353387		2.2E-11	10.18632/oncotarget.15230
MELANOMA	16	54080912	G	A	0.148420005		3.6E-12	10.18632/oncotarget.15230
MELANOMA	16	89689495	G	A	0.512823626		3E-27	10.18632/oncotarget.15230
MELANOMA	16	90000528	C	A	0.277631737		6E-22	10.18632/oncotarget.15230
MELANOMA	20	34583968	G	A	0.559615788		9.9E-16	10.18632/oncotarget.15230
MELANOMA	20	34989186	G	C	0.438254931		1.6E-18	10.18632/oncotarget.15230
MELANOMA	21	41374154	T	C	-0.127833372		3E-09	10.18632/oncotarget.15230
MELANOMA	22	38148291	A	G	-0.186329578		2E-09	10.18632/oncotarget.15230