trait ,#chrom ,pos ,alt ,ref ,beta ,se ,pval,study_doi ,rsid ,gene
RHEUMA_SEROPOS,2,73981235,T,C,-0.127833372,0.017857143,6.7×10−9,10.1136/annrheumdis-2020-219065,rs6705628,DGUOK-AS1
RHEUMA_SEROPOS,5,10704685,T,C,-0.061875404,0.012755102,4.6×10−8,10.1136/annrheumdis-2020-219065,rs2918392,DAP
RHEUMA_SEROPOS,11,64275525,A,G,-0.105360516,0.015306122,1.1×10−9,10.1136/annrheumdis-2020-219065,rs660442,BAD
RHEUMA_SEROPOS,11,69092380,CGGCTAAGGGGAGAGAGCCCGGAAGCCACGCACACCGGCGCAAGGGGCGGATA.,C,-0.094310679,0.015306122,4.3×10−8,10.1136/annrheumdis-2020-219065,rs59578717,TPCN2
RHEUMA_SEROPOS,11,128286419,A,G,0.086177696,0.015306122,4.1×10−9,10.1136/annrheumdis-2020-219065,rs12795702,LOC107984408
RHEUMA_SEROPOS,12,24660347,A,G,0.086177696,0.015306122,3.8×10−8,10.1136/annrheumdis-2020-219065,rs4963581,LOC105369698
RHEUMA_SEROPOS,15,90495651,CT,C,0.113328685,0.020408163,1.5×10−10,10.1136/annrheumdis-2020-219065,rs199894206,IQGAP1
RHEUMA_SEROPOS,16,23859885,A,AAGGGAG,-0.094310679,0.015306122,2.2×10−8,10.1136/annrheumdis-2020-219065,rs149041927§,PRKCB
RHEUMA_SEROPOS,16,30615295,T,C,0.086177696,0.015306122,3.0×10−8,10.1136/annrheumdis-2020-219065,rs12918327,ZNF689
RHEUMA_SEROPOS,20,63852655,T,C,-0.105360516,0.015306122,3.2×10−10,10.1136/annrheumdis-2020-219065,rs6011186,C20orf181
RHEUMA_SEROPOS,22,45350271,A,AT,0.09531018,0.017857143,1.9×10−8,10.1136/annrheumdis-2020-219065,rs35156883,SMC1B