trait ,#chrom ,pos ,alt ,ref ,beta ,OR,se ,pval,study_doi ,rsid ,gene
RHEUMA_SEROPOS,2,73981235,T,C,0.88 (0.84 to 0.92),-0.127833372,0.020408163,2.1×10−8,10.1136/annrheumdis-2020-219065,rs6705628,DGUOK-AS1
RHEUMA_SEROPOS,11,64275525,A,G,0.84 (0.79 to 0.89),-0.174353387,0.025510204,3.9×10−8,10.1136/annrheumdis-2020-219065,rs660442,BAD
RHEUMA_SEROPOS,11,69092380,CGGCTAAGGGGAGAGAGCCCGGAAGCCACGCACACCGGCGCAAGGGGCGGATA.,C,0.91 (0.88 to 0.94),-0.094310679,0.015306122,4.3×10−8,10.1136/annrheumdis-2020-219065,rs59578717,TPCN2
RHEUMA_SEROPOS,11,128286419,A,G,1.11 (1.06 to 1.15),0.104360015,0.022959184,5.8×10−7,10.1136/annrheumdis-2020-219065,rs12795702,LOC107984408
RHEUMA_SEROPOS,15,90495651,CT,C,1.12 (1.08 to 1.16),0.113328685,0.020408163,1.5×10−10,10.1136/annrheumdis-2020-219065,rs199894206,IQGAP1
RHEUMA_SEROPOS,16,23859885,A,AAGGGAG,0.91 (0.88 to 0.94),-0.094310679,0.015306122,2.2×10−8,10.1136/annrheumdis-2020-219065,rs149041927§,PRKCB
RHEUMA_SEROPOS,20,63852655,T,C,0.90 (0.87 to 0.93),-0.105360516,0.015306122,3.7×10−9,10.1136/annrheumdis-2020-219065,rs6011186,C20orf181
RHEUMA_SEROPOS,22,45350271,A,AT,1.10 (1.06 to 1.13),0.09531018,0.017857143,1.9×10−8,10.1136/annrheumdis-2020-219065,rs35156883,SMC1B